{
    "pixel": {
        "x_mean": 176.5125,
        "x_std": 97.17322081597378,
        "y_mean": 106.7675,
        "y_std": 57.96963380727879
    },
    "world": {
        "x_mean": 231.21374610473245,
        "x_std": 126.63452141714937,
        "y_mean": 206.52943690961092,
        "y_std": 94.59512251991019
    }
}